{"cameraMode":{"drawMode":0,"name":"Shaded","section":"Shading Mode"},"sceneLighting":true,"audioPlay":false,"sceneViewState":{"m_AlwaysRefresh":false,"showFog":true,"showSkybox":true,"showFlares":true,"showImageEffects":true,"showParticleSystems":true,"showVisualEffectGraphs":true,"m_FxEnabled":true},"in2DMode":false,"pivot":{"x":71.5999984741211,"y":23.649999618530275,"z":-172.36000061035157},"rotation":{"x":0.08115953952074051,"y":0.40859419107437136,"z":-0.036505118012428287,"w":0.9083700180053711},"size":48.651634216308597,"orthographic":false}